{"cameraMode":{"drawMode":0,"name":"Shaded","section":"Shading Mode"},"sceneLighting":true,"audioPlay":false,"sceneViewState":{"m_AlwaysRefresh":false,"showFog":true,"showSkybox":true,"showFlares":true,"showImageEffects":true,"showParticleSystems":true,"showVisualEffectGraphs":true,"m_FxEnabled":true},"in2DMode":false,"pivot":{"x":23.64084243774414,"y":1.0774798393249512,"z":-3.030000686645508},"rotation":{"x":-0.0016221910482272506,"y":-0.6342223882675171,"z":-0.0013371233362704516,"w":0.7731547951698303},"size":2.236138105392456,"orthographic":true}